field,category,count,percent_of_386
WATER_EVIDENCE_STATUS,NO_CONCORDANT_WATER_ANOMALY,238,61.6580310880829
WATER_EVIDENCE_STATUS,ISOLATED_DIRECT_WATER_ANOMALY,85,22.020725388601036
WATER_EVIDENCE_STATUS,SUPPORTED_WATER_STATUS_ANOMALY,25,6.476683937823834
WATER_EVIDENCE_STATUS,STRONG_INTERNAL_WATER_EVIDENCE,24,6.217616580310881
WATER_EVIDENCE_STATUS,SWIR_DISCORDANT_INSUFFICIENT_EVIDENCE,14,3.626943005181347
WATER_MEASUREMENT_CONFIDENCE,HIGH,279,72.27979274611398
WATER_MEASUREMENT_CONFIDENCE,MODERATE,107,27.72020725388601
BIOCHEMICAL_STATUS,NO_CONCORDANT_BIOCHEMICAL_DECLINE,292,75.64766839378238
BIOCHEMICAL_STATUS,CONCORDANT_BIOCHEMICAL_DECLINE,43,11.139896373056995
BIOCHEMICAL_STATUS,SENESCENCE_PIGMENT_ONLY,23,5.958549222797927
BIOCHEMICAL_STATUS,STRONG_CONCORDANT_BIOCHEMICAL_DECLINE,21,5.4404145077720205
BIOCHEMICAL_STATUS,CHLOROPHYLL_RED_EDGE_ONLY,7,1.8134715025906736
STRUCTURE_STATUS_FINAL,NO_LOW_STATURE_EVIDENCE,288,74.61139896373057
STRUCTURE_STATUS_FINAL,CORROBORATED_LOW_STRUCTURAL_STATURE,73,18.911917098445596
STRUCTURE_STATUS_FINAL,LOW_STATURE_LAS_ONLY,24,6.217616580310881
STRUCTURE_STATUS_FINAL,NOT_ASSESSABLE,1,0.25906735751295334
CROSS_DOMAIN_PATTERN,NO_SUPPORTED_MAJOR_DOMAIN_ANOMALY,269,69.68911917098445
CROSS_DOMAIN_PATTERN,STRUCTURE_ONLY,36,9.32642487046632
CROSS_DOMAIN_PATTERN,BIOCHEMICAL_ONLY,24,6.217616580310881
CROSS_DOMAIN_PATTERN,WATER_BIOCHEMICAL_STRUCTURE,17,4.404145077720207
CROSS_DOMAIN_PATTERN,WATER_BIOCHEMICAL_ONLY,15,3.8860103626943006
CROSS_DOMAIN_PATTERN,WATER_STRUCTURE_ONLY,12,3.1088082901554404
CROSS_DOMAIN_PATTERN,BIOCHEMICAL_STRUCTURE_ONLY,8,2.0725388601036268
CROSS_DOMAIN_PATTERN,WATER_ONLY,5,1.2953367875647668
FIELD_INSPECTION_TIER,NO_SUPPORTED_ANOMALY,219,56.73575129533679
FIELD_INSPECTION_TIER,SINGLE_DOMAIN_PRIORITY,65,16.83937823834197
FIELD_INSPECTION_TIER,SCREENING_PRIORITY,47,12.176165803108809
FIELD_INSPECTION_TIER,MULTI_DOMAIN_PRIORITY,35,9.067357512953368
FIELD_INSPECTION_TIER,HIGH_MULTI_DOMAIN_PRIORITY,17,4.404145077720207
FIELD_INSPECTION_TIER,DATA_LIMITED_REVIEW,3,0.7772020725388601
